{
    "config": {
        "dataset": "civilcomments_subsamples",
        "method": "jtt",
        "seed": 2,
        "learning_rate": 1e-05,
        "weight_decay": 0.01,
        "erm_batch_size": 8,
        "T": 5,
        "up": 6,
        "erm_weight": 1.0
    },
    "best_results": {
        "epoch": 5,
        "tr_loss": 0.0,
        "min_acc_tr": 0.98603766,
        "avg_acc_tr": 0.9933188090050835,
        "group_wise_acc_tr": [
            0.98603766,
            0.99703544,
            1.0,
            0.9936
        ],
        "va_loss": 1.434883803712243,
        "min_acc_va": 0.6440678,
        "avg_acc_va": 0.7763609612555175,
        "group_wise_acc_va": [
            0.85920578,
            0.8238806,
            0.6440678,
            0.88652482,
            0.76351351,
            0.74226804,
            0.6728972,
            0.72727273,
            0.7260274,
            0.68571429,
            0.66666667,
            0.7254902,
            0.77142857,
            0.73529412,
            0.71641791,
            0.7125
        ],
        "min_acc_te": 0.67137809,
        "avg_acc_te": 0.8006576243321003,
        "group_wise_acc_te": [
            0.83943662,
            0.86034913,
            0.68634686,
            0.89844852,
            0.79144385,
            0.77559055,
            0.67137809,
            0.72894737,
            0.77564103,
            0.76023392,
            0.75,
            0.76635514,
            0.72727273,
            0.73611111,
            0.77707006,
            0.79166667
        ]
    }
}