{
    "config": {
        "dataset": "civilcomments_subsamples",
        "method": "erm_mt2_l1",
        "seed": 2,
        "learning_rate": 1e-05,
        "weight_decay": 0.01,
        "erm_batch_size": 32,
        "erm_weight": 1.0,
        "mt_batch_size": 32,
        "mt_weight": 0.3679,
        "l1_weight": 0.3679
    },
    "best_results": {
        "epoch": 6,
        "tr_loss": 1.7786918878555298,
        "min_acc_tr": 0.98138354,
        "avg_acc_tr": 0.9896151053013799,
        "group_wise_acc_tr": [
            0.98138354,
            0.99312761,
            0.99699097,
            0.9984
        ],
        "va_loss": 0.9685392456594855,
        "min_acc_va": 0.61428571,
        "avg_acc_va": 0.7704757233938205,
        "group_wise_acc_va": [
            0.84476534,
            0.84477612,
            0.69491525,
            0.88297872,
            0.77027027,
            0.71134021,
            0.68224299,
            0.68181818,
            0.7260274,
            0.61428571,
            0.7037037,
            0.70588235,
            0.67142857,
            0.64705882,
            0.70149254,
            0.7625
        ],
        "min_acc_te": 0.66789668,
        "avg_acc_te": 0.7977805178791615,
        "group_wise_acc_te": [
            0.85211268,
            0.86034913,
            0.66789668,
            0.89280677,
            0.77005348,
            0.78346457,
            0.72084806,
            0.73421053,
            0.74358974,
            0.74269006,
            0.76666667,
            0.75700935,
            0.71969697,
            0.70833333,
            0.73248408,
            0.75
        ],
        "erm_loss": 0.050917066633701324,
        "mt_loss": 1.6839793920516968,
        "l1_loss": 0.04379456117749214
    }
}