{
    "config": {
        "dataset": "civilcomments_subsamples",
        "method": "erm_mt2_l1",
        "seed": 3,
        "learning_rate": 1e-05,
        "weight_decay": 0.01,
        "erm_batch_size": 32,
        "erm_weight": 1.0,
        "mt_batch_size": 32,
        "mt_weight": 0.3679,
        "l1_weight": 0.3679
    },
    "best_results": {
        "epoch": 7,
        "tr_loss": 1.749119520187378,
        "min_acc_tr": 0.992,
        "avg_acc_tr": 0.9954974582425563,
        "group_wise_acc_tr": [
            0.99280728,
            0.99784396,
            0.99297894,
            0.992
        ],
        "va_loss": 1.0072565411683172,
        "min_acc_va": 0.61428571,
        "avg_acc_va": 0.7783227072094164,
        "group_wise_acc_va": [
            0.89169675,
            0.87164179,
            0.66101695,
            0.90070922,
            0.75,
            0.72164948,
            0.75700935,
            0.73295455,
            0.61643836,
            0.61428571,
            0.68518519,
            0.66666667,
            0.67142857,
            0.64705882,
            0.68656716,
            0.6375
        ],
        "min_acc_te": 0.67424242,
        "avg_acc_te": 0.8121660501438553,
        "group_wise_acc_te": [
            0.87464789,
            0.90149626,
            0.7195572,
            0.90267983,
            0.79679144,
            0.80708661,
            0.75618375,
            0.76842105,
            0.67948718,
            0.69005848,
            0.74166667,
            0.74766355,
            0.67424242,
            0.69444444,
            0.70063694,
            0.72619048
        ],
        "erm_loss": 0.037126146256923676,
        "mt_loss": 1.6693861484527588,
        "l1_loss": 0.04260757192969322
    }
}