{
    "config": {
        "dataset": "civilcomments_subsamples",
        "method": "erm_mt2_l1",
        "seed": 1,
        "learning_rate": 1e-05,
        "weight_decay": 0.01,
        "erm_batch_size": 32,
        "erm_weight": 1.0,
        "mt_batch_size": 32,
        "mt_weight": 0.3679,
        "l1_weight": 0.3679
    },
    "best_results": {
        "epoch": 4,
        "tr_loss": 1.9314231872558594,
        "min_acc_tr": 0.9558676,
        "avg_acc_tr": 0.9775599128540305,
        "group_wise_acc_tr": [
            0.96551724,
            0.98948929,
            0.9558676,
            0.9616
        ],
        "va_loss": 0.5177631119731814,
        "min_acc_va": 0.55714286,
        "avg_acc_va": 0.7778322707209416,
        "group_wise_acc_va": [
            0.89530686,
            0.87761194,
            0.69491525,
            0.89007092,
            0.81081081,
            0.72164948,
            0.75700935,
            0.73295455,
            0.57534247,
            0.55714286,
            0.68518519,
            0.66666667,
            0.6,
            0.73529412,
            0.67164179,
            0.5875
        ],
        "min_acc_te": 0.67424242,
        "avg_acc_te": 0.8257295519934238,
        "group_wise_acc_te": [
            0.87746479,
            0.89650873,
            0.72693727,
            0.91819464,
            0.81550802,
            0.83858268,
            0.75618375,
            0.77631579,
            0.76282051,
            0.74269006,
            0.8,
            0.74766355,
            0.67424242,
            0.69444444,
            0.76433121,
            0.71428571
        ],
        "erm_loss": 0.11707402765750885,
        "mt_loss": 1.762251615524292,
        "l1_loss": 0.05209803953766823
    }
}