{
    "config": {
        "dataset": "civilcomments_subsamples",
        "method": "erm_mt2_l1",
        "seed": 4,
        "learning_rate": 1e-05,
        "weight_decay": 0.01,
        "erm_batch_size": 32,
        "erm_weight": 1.0,
        "mt_batch_size": 32,
        "mt_weight": 0.3679,
        "l1_weight": 0.3679
    },
    "best_results": {
        "epoch": 2,
        "tr_loss": 2.1497347354888916,
        "min_acc_tr": 0.83049147,
        "avg_acc_tr": 0.9362381989832971,
        "group_wise_acc_tr": [
            0.90987942,
            0.97385797,
            0.83049147,
            0.8576
        ],
        "va_loss": 0.4166818675585091,
        "min_acc_va": 0.64285714,
        "avg_acc_va": 0.7812653261402648,
        "group_wise_acc_va": [
            0.87725632,
            0.85970149,
            0.6440678,
            0.89716312,
            0.75675676,
            0.72164948,
            0.71028037,
            0.6875,
            0.71232877,
            0.64285714,
            0.75925926,
            0.64705882,
            0.71428571,
            0.73529412,
            0.74626866,
            0.725
        ],
        "min_acc_te": 0.65313653,
        "avg_acc_te": 0.8088779284833539,
        "group_wise_acc_te": [
            0.84929577,
            0.87032419,
            0.65313653,
            0.92101551,
            0.79411765,
            0.79133858,
            0.73498233,
            0.72368421,
            0.78846154,
            0.7251462,
            0.875,
            0.75700935,
            0.73484848,
            0.69444444,
            0.75159236,
            0.75
        ],
        "erm_loss": 0.21052250266075134,
        "mt_loss": 1.8752665519714355,
        "l1_loss": 0.06394484639167786
    }
}