{
    "config": {
        "dataset": "civilcomments_subsamples",
        "method": "erm_mt2_l1",
        "seed": 0,
        "learning_rate": 1e-05,
        "weight_decay": 0.01,
        "erm_batch_size": 32,
        "erm_weight": 1.0,
        "mt_batch_size": 32,
        "mt_weight": 0.3679,
        "l1_weight": 0.3679
    },
    "best_results": {
        "epoch": 3,
        "tr_loss": 2.0088131427764893,
        "min_acc_tr": 0.91975928,
        "avg_acc_tr": 0.9572984749455338,
        "group_wise_acc_tr": [
            0.93251534,
            0.97951759,
            0.91975928,
            0.9408
        ],
        "va_loss": 0.4596887449733913,
        "min_acc_va": 0.64285714,
        "avg_acc_va": 0.7773418342324669,
        "group_wise_acc_va": [
            0.87364621,
            0.84477612,
            0.69491525,
            0.89361702,
            0.78378378,
            0.73195876,
            0.68224299,
            0.65909091,
            0.7260274,
            0.64285714,
            0.7037037,
            0.68627451,
            0.64285714,
            0.64705882,
            0.76119403,
            0.7625
        ],
        "min_acc_te": 0.69741697,
        "avg_acc_te": 0.8096999588984792,
        "group_wise_acc_te": [
            0.84366197,
            0.86907731,
            0.69741697,
            0.91819464,
            0.79679144,
            0.80314961,
            0.69964664,
            0.70526316,
            0.77564103,
            0.74853801,
            0.825,
            0.77570093,
            0.70454545,
            0.73611111,
            0.79617834,
            0.79761905
        ],
        "erm_loss": 0.1590915471315384,
        "mt_loss": 1.795724868774414,
        "l1_loss": 0.05399687960743904
    }
}