{
    "config": {
        "dataset": "civilcomments_subsamples",
        "method": "erm_mt_l1",
        "seed": 3,
        "learning_rate": 1e-05,
        "weight_decay": 0.01,
        "erm_batch_size": 32,
        "erm_weight": 1.0,
        "mt_batch_size": 32,
        "mt_weight": 1.0,
        "l1_weight": 0.3679
    },
    "best_results": {
        "epoch": 6,
        "tr_loss": 2.514147996902466,
        "min_acc_tr": 0.94880474,
        "avg_acc_tr": 0.9719680464778504,
        "group_wise_acc_tr": [
            0.94880474,
            0.98827651,
            0.96188566,
            0.9696
        ],
        "va_loss": 0.4230068710166961,
        "min_acc_va": 0.68518519,
        "avg_acc_va": 0.8106915154487494,
        "group_wise_acc_va": [
            0.8700361,
            0.87462687,
            0.76271186,
            0.91134752,
            0.80405405,
            0.7628866,
            0.74766355,
            0.74431818,
            0.7260274,
            0.71428571,
            0.68518519,
            0.80392157,
            0.78571429,
            0.73529412,
            0.71641791,
            0.7375
        ],
        "min_acc_te": 0.70833333,
        "avg_acc_te": 0.8259350595972051,
        "group_wise_acc_te": [
            0.86760563,
            0.89526185,
            0.77490775,
            0.92242595,
            0.78074866,
            0.82283465,
            0.74204947,
            0.75,
            0.73717949,
            0.77192982,
            0.75,
            0.76635514,
            0.76515152,
            0.70833333,
            0.77707006,
            0.78571429
        ],
        "erm_loss": 0.11761326342821121,
        "mt_loss": 2.327256917953491,
        "l1_loss": 0.06927753984928131
    }
}