{
    "config": {
        "dataset": "civilcomments_subsamples",
        "method": "erm_mt_l1",
        "seed": 4,
        "learning_rate": 1e-05,
        "weight_decay": 0.01,
        "erm_batch_size": 32,
        "erm_weight": 1.0,
        "mt_batch_size": 32,
        "mt_weight": 1.0,
        "l1_weight": 0.3679
    },
    "best_results": {
        "epoch": 3,
        "tr_loss": 2.6940391063690186,
        "min_acc_tr": 0.81845537,
        "avg_acc_tr": 0.9282498184458968,
        "group_wise_acc_tr": [
            0.89909033,
            0.9680636,
            0.81845537,
            0.8512
        ],
        "va_loss": 0.41176898777484894,
        "min_acc_va": 0.58571429,
        "avg_acc_va": 0.7881314369789112,
        "group_wise_acc_va": [
            0.88808664,
            0.87164179,
            0.77118644,
            0.91489362,
            0.80405405,
            0.71134021,
            0.70093458,
            0.65340909,
            0.65753425,
            0.58571429,
            0.66666667,
            0.66666667,
            0.7,
            0.73529412,
            0.73134328,
            0.75
        ],
        "min_acc_te": 0.72105263,
        "avg_acc_te": 0.824702013974517,
        "group_wise_acc_te": [
            0.86478873,
            0.8915212,
            0.73800738,
            0.93370945,
            0.78877005,
            0.79133858,
            0.72438163,
            0.72105263,
            0.78205128,
            0.73099415,
            0.81666667,
            0.74766355,
            0.78030303,
            0.72222222,
            0.78980892,
            0.85119048
        ],
        "erm_loss": 0.20203271508216858,
        "mt_loss": 2.4072327613830566,
        "l1_loss": 0.08477547764778137
    }
}