{
    "config": {
        "dataset": "civilcomments_subsamples",
        "method": "erm_mt_l1",
        "seed": 0,
        "learning_rate": 1e-05,
        "weight_decay": 0.01,
        "erm_batch_size": 32,
        "erm_weight": 1.0,
        "mt_batch_size": 32,
        "mt_weight": 1.0,
        "l1_weight": 0.3679
    },
    "best_results": {
        "epoch": 6,
        "tr_loss": 2.5031375885009766,
        "min_acc_tr": 0.94859319,
        "avg_acc_tr": 0.9683369644153957,
        "group_wise_acc_tr": [
            0.94859319,
            0.98167363,
            0.95987964,
            0.9728
        ],
        "va_loss": 0.4931879590731114,
        "min_acc_va": 0.65714286,
        "avg_acc_va": 0.7861696910250122,
        "group_wise_acc_va": [
            0.88086643,
            0.84179104,
            0.72033898,
            0.87943262,
            0.77027027,
            0.69072165,
            0.72897196,
            0.76136364,
            0.71232877,
            0.65714286,
            0.75925926,
            0.7254902,
            0.65714286,
            0.67647059,
            0.71641791,
            0.725
        ],
        "min_acc_te": 0.68055556,
        "avg_acc_te": 0.8101109741060419,
        "group_wise_acc_te": [
            0.84507042,
            0.88154613,
            0.70848708,
            0.91819464,
            0.78877005,
            0.81889764,
            0.72791519,
            0.76315789,
            0.73076923,
            0.74853801,
            0.775,
            0.74766355,
            0.70454545,
            0.68055556,
            0.7388535,
            0.71428571
        ],
        "erm_loss": 0.1121545061469078,
        "mt_loss": 2.322404384613037,
        "l1_loss": 0.06857810914516449
    }
}