{
    "config": {
        "dataset": "civilcomments_subsamples",
        "method": "erm_mt_l1",
        "seed": 1,
        "learning_rate": 1e-05,
        "weight_decay": 0.01,
        "erm_batch_size": 32,
        "erm_weight": 1.0,
        "mt_batch_size": 32,
        "mt_weight": 1.0,
        "l1_weight": 0.3679
    },
    "best_results": {
        "epoch": 5,
        "tr_loss": 2.5671465396881104,
        "min_acc_tr": 0.92477432,
        "avg_acc_tr": 0.9583877995642701,
        "group_wise_acc_tr": [
            0.93272689,
            0.9803261,
            0.92477432,
            0.9456
        ],
        "va_loss": 0.43927702656947076,
        "min_acc_va": 0.66477273,
        "avg_acc_va": 0.7945071113290829,
        "group_wise_acc_va": [
            0.88808664,
            0.86865672,
            0.73728814,
            0.89361702,
            0.7972973,
            0.72164948,
            0.70093458,
            0.66477273,
            0.73972603,
            0.67142857,
            0.72222222,
            0.74509804,
            0.72857143,
            0.73529412,
            0.71641791,
            0.775
        ],
        "min_acc_te": 0.68055556,
        "avg_acc_te": 0.8185367858610768,
        "group_wise_acc_te": [
            0.86478873,
            0.8840399,
            0.73062731,
            0.91396333,
            0.78609626,
            0.82677165,
            0.7385159,
            0.72368421,
            0.76923077,
            0.73684211,
            0.79166667,
            0.76635514,
            0.77272727,
            0.68055556,
            0.75796178,
            0.79166667
        ],
        "erm_loss": 0.1443185657262802,
        "mt_loss": 2.3498106002807617,
        "l1_loss": 0.07301933318376541
    }
}