{
    "config": {
        "dataset": "civilcomments_subsamples",
        "method": "erm_mt_l1",
        "seed": 2,
        "learning_rate": 1e-05,
        "weight_decay": 0.01,
        "erm_batch_size": 32,
        "erm_weight": 1.0,
        "mt_batch_size": 32,
        "mt_weight": 1.0,
        "l1_weight": 0.3679
    },
    "best_results": {
        "epoch": 7,
        "tr_loss": 2.4533822536468506,
        "min_acc_tr": 0.9728,
        "avg_acc_tr": 0.9859840232389252,
        "group_wise_acc_tr": [
            0.97524857,
            0.99447514,
            0.98194584,
            0.9728
        ],
        "va_loss": 0.524777669692412,
        "min_acc_va": 0.6,
        "avg_acc_va": 0.7959784207945071,
        "group_wise_acc_va": [
            0.89530686,
            0.88358209,
            0.74576271,
            0.89716312,
            0.83783784,
            0.72164948,
            0.71962617,
            0.77840909,
            0.65753425,
            0.6,
            0.72222222,
            0.7254902,
            0.62857143,
            0.67647059,
            0.65671642,
            0.6625
        ],
        "min_acc_te": 0.68181818,
        "avg_acc_te": 0.8207973695026716,
        "group_wise_acc_te": [
            0.86760563,
            0.89401496,
            0.71586716,
            0.91960508,
            0.82620321,
            0.83858268,
            0.74911661,
            0.76842105,
            0.71794872,
            0.71345029,
            0.8,
            0.75700935,
            0.68181818,
            0.73611111,
            0.75159236,
            0.69642857
        ],
        "erm_loss": 0.08920933306217194,
        "mt_loss": 2.2969119548797607,
        "l1_loss": 0.06726069748401642
    }
}