{
    "config": {
        "dataset": "civilcomments_subsamples",
        "method": "erm_mt",
        "seed": 4,
        "learning_rate": 1e-05,
        "weight_decay": 0.01,
        "erm_batch_size": 32,
        "erm_weight": 1.0,
        "mt_batch_size": 32,
        "mt_weight": 0.3679
    },
    "best_results": {
        "epoch": 4,
        "tr_loss": 1.0005723237991333,
        "min_acc_tr": 0.95787362,
        "avg_acc_tr": 0.9758896151053014,
        "group_wise_acc_tr": [
            0.96149778,
            0.98881552,
            0.95787362,
            0.96
        ],
        "va_loss": 0.4304320777300745,
        "min_acc_va": 0.62857143,
        "avg_acc_va": 0.8052967140755272,
        "group_wise_acc_va": [
            0.91696751,
            0.87761194,
            0.77966102,
            0.90425532,
            0.83108108,
            0.73195876,
            0.76635514,
            0.76136364,
            0.64383562,
            0.62857143,
            0.68518519,
            0.70588235,
            0.74285714,
            0.73529412,
            0.64179104,
            0.6625
        ],
        "min_acc_te": 0.68789809,
        "avg_acc_te": 0.8306617344841759,
        "group_wise_acc_te": [
            0.88450704,
            0.90399002,
            0.78228782,
            0.92665726,
            0.80481283,
            0.84645669,
            0.78091873,
            0.78684211,
            0.72435897,
            0.71345029,
            0.76666667,
            0.75700935,
            0.72727273,
            0.69444444,
            0.68789809,
            0.72619048
        ],
        "erm_loss": 0.12357284128665924,
        "mt_loss": 0.8769992589950562
    }
}