{
    "config": {
        "dataset": "civilcomments_subsamples",
        "method": "erm_mt",
        "seed": 1,
        "learning_rate": 1e-05,
        "weight_decay": 0.01,
        "erm_batch_size": 32,
        "erm_weight": 1.0,
        "mt_batch_size": 32,
        "mt_weight": 0.3679
    },
    "best_results": {
        "epoch": 3,
        "tr_loss": 1.0703864097595215,
        "min_acc_tr": 0.912,
        "avg_acc_tr": 0.9541031227305737,
        "group_wise_acc_tr": [
            0.92553417,
            0.97830481,
            0.93580742,
            0.912
        ],
        "va_loss": 0.42755562951788306,
        "min_acc_va": 0.64485981,
        "avg_acc_va": 0.7949975478175576,
        "group_wise_acc_va": [
            0.85920578,
            0.85970149,
            0.72033898,
            0.88297872,
            0.7972973,
            0.71134021,
            0.64485981,
            0.69318182,
            0.78082192,
            0.7,
            0.7962963,
            0.76470588,
            0.8,
            0.76470588,
            0.74626866,
            0.7875
        ],
        "min_acc_te": 0.68634686,
        "avg_acc_te": 0.8127825729551993,
        "group_wise_acc_te": [
            0.86338028,
            0.87157107,
            0.68634686,
            0.91255289,
            0.76737968,
            0.79527559,
            0.71024735,
            0.73947368,
            0.76923077,
            0.7251462,
            0.81666667,
            0.80373832,
            0.78787879,
            0.69444444,
            0.79617834,
            0.78571429
        ],
        "erm_loss": 0.18007220327854156,
        "mt_loss": 0.8903146982192993
    }
}