{
    "config": {
        "dataset": "civilcomments_subsamples",
        "method": "erm",
        "seed": 3,
        "learning_rate": 1e-05,
        "weight_decay": 0.01,
        "erm_batch_size": 8,
        "erm_weight": 1.0
    },
    "best_results": {
        "epoch": 8,
        "tr_loss": 0.014338044889138259,
        "min_acc_tr": 0.99905673,
        "avg_acc_tr": 0.99920116194626,
        "group_wise_acc_tr": [
            0.9991538,
            0.99905673,
            1.0,
            1.0
        ],
        "va_loss": 1.6869935211235556,
        "min_acc_va": 0.56716418,
        "avg_acc_va": 0.801863658656204,
        "group_wise_acc_va": [
            0.88086643,
            0.88358209,
            0.8220339,
            0.90070922,
            0.84459459,
            0.78350515,
            0.79439252,
            0.80681818,
            0.63013699,
            0.61428571,
            0.64814815,
            0.68627451,
            0.65714286,
            0.61764706,
            0.56716418,
            0.65
        ],
        "min_acc_te": 0.65151515,
        "avg_acc_te": 0.8294286888614879,
        "group_wise_acc_te": [
            0.87746479,
            0.90274314,
            0.80442804,
            0.92524683,
            0.81550802,
            0.85433071,
            0.82332155,
            0.83684211,
            0.71794872,
            0.69590643,
            0.70833333,
            0.71962617,
            0.65151515,
            0.66666667,
            0.65605096,
            0.66666667
        ]
    }
}