{
    "config": {
        "dataset": "civilcomments_subsamples",
        "method": "erm_l1",
        "seed": 1,
        "learning_rate": 1e-05,
        "weight_decay": 0.01,
        "erm_batch_size": 8,
        "erm_weight": 1.0,
        "l1_weight": 0.3679
    },
    "best_results": {
        "epoch": 3,
        "tr_loss": 0.12454870343208313,
        "min_acc_tr": 0.9648,
        "avg_acc_tr": 0.982643427741467,
        "group_wise_acc_tr": [
            0.96763275,
            0.99595742,
            0.96589769,
            0.9648
        ],
        "va_loss": 1.2027717508982831,
        "min_acc_va": 0.63551402,
        "avg_acc_va": 0.7685139774399216,
        "group_wise_acc_va": [
            0.86642599,
            0.85671642,
            0.66101695,
            0.88652482,
            0.77027027,
            0.74226804,
            0.63551402,
            0.64204545,
            0.71232877,
            0.64285714,
            0.72222222,
            0.68627451,
            0.68571429,
            0.67647059,
            0.71641791,
            0.6875
        ],
        "min_acc_te": 0.65151515,
        "avg_acc_te": 0.7979860254829428,
        "group_wise_acc_te": [
            0.84647887,
            0.86907731,
            0.68634686,
            0.91960508,
            0.80213904,
            0.81496063,
            0.67844523,
            0.66842105,
            0.73076923,
            0.74269006,
            0.75,
            0.73831776,
            0.65151515,
            0.66666667,
            0.77707006,
            0.76190476
        ],
        "l1_loss": 0.007256117649376392
    }
}