{
    "config": {
        "dataset": "civilcomments_subsamples",
        "method": "erm_l1",
        "seed": 2,
        "learning_rate": 1e-05,
        "weight_decay": 0.01,
        "erm_batch_size": 8,
        "erm_weight": 1.0,
        "l1_weight": 0.3679
    },
    "best_results": {
        "epoch": 4,
        "tr_loss": 0.06111099570989609,
        "min_acc_tr": 0.97292151,
        "avg_acc_tr": 0.9859840232389252,
        "group_wise_acc_tr": [
            0.97292151,
            0.99191484,
            0.99699097,
            0.9968
        ],
        "va_loss": 1.4733077157180507,
        "min_acc_va": 0.62857143,
        "avg_acc_va": 0.77145659637077,
        "group_wise_acc_va": [
            0.83754513,
            0.83880597,
            0.74576271,
            0.86170213,
            0.76351351,
            0.70103093,
            0.68224299,
            0.66477273,
            0.75342466,
            0.62857143,
            0.7037037,
            0.82352941,
            0.72857143,
            0.76470588,
            0.65671642,
            0.725
        ],
        "min_acc_te": 0.66666667,
        "avg_acc_te": 0.7912042745581587,
        "group_wise_acc_te": [
            0.82676056,
            0.84413965,
            0.69372694,
            0.88434415,
            0.78342246,
            0.77165354,
            0.70318021,
            0.69473684,
            0.82051282,
            0.74853801,
            0.74166667,
            0.75700935,
            0.68939394,
            0.66666667,
            0.75159236,
            0.80952381
        ],
        "l1_loss": 0.006060361862182617
    }
}