{
    "config": {
        "dataset": "civilcomments_subsamples",
        "method": "erm_l1",
        "seed": 0,
        "learning_rate": 1e-05,
        "weight_decay": 0.01,
        "erm_batch_size": 8,
        "erm_weight": 1.0,
        "l1_weight": 0.3679
    },
    "best_results": {
        "epoch": 19,
        "tr_loss": 0.006070862524211407,
        "min_acc_tr": 0.99830759,
        "avg_acc_tr": 0.99920116194626,
        "group_wise_acc_tr": [
            0.99830759,
            0.99959574,
            1.0,
            1.0
        ],
        "va_loss": 2.2837583573919256,
        "min_acc_va": 0.57142857,
        "avg_acc_va": 0.769494850416871,
        "group_wise_acc_va": [
            0.86642599,
            0.85074627,
            0.6779661,
            0.89361702,
            0.73648649,
            0.74226804,
            0.72897196,
            0.73863636,
            0.64383562,
            0.57142857,
            0.66666667,
            0.70588235,
            0.67142857,
            0.67647059,
            0.64179104,
            0.6375
        ],
        "min_acc_te": 0.6900369,
        "avg_acc_te": 0.8072338676531031,
        "group_wise_acc_te": [
            0.85492958,
            0.87905237,
            0.6900369,
            0.91255289,
            0.78609626,
            0.75984252,
            0.74204947,
            0.74736842,
            0.74358974,
            0.7251462,
            0.74166667,
            0.77570093,
            0.71212121,
            0.69444444,
            0.75159236,
            0.75595238
        ],
        "l1_loss": 0.0006684994441457093
    }
}