{
    "config": {
        "dataset": "civilcomments_subsamples",
        "method": "erm_l1",
        "seed": 4,
        "learning_rate": 1e-05,
        "weight_decay": 0.01,
        "erm_batch_size": 8,
        "erm_weight": 1.0,
        "l1_weight": 0.3679
    },
    "best_results": {
        "epoch": 14,
        "tr_loss": 0.01532814186066389,
        "min_acc_tr": 0.99682674,
        "avg_acc_tr": 0.9983297022512709,
        "group_wise_acc_tr": [
            0.99682674,
            0.99892198,
            1.0,
            1.0
        ],
        "va_loss": 2.118721050474047,
        "min_acc_va": 0.62857143,
        "avg_acc_va": 0.7709661598822952,
        "group_wise_acc_va": [
            0.86281588,
            0.8358209,
            0.68644068,
            0.88297872,
            0.74324324,
            0.71134021,
            0.73831776,
            0.71590909,
            0.64383562,
            0.62857143,
            0.64814815,
            0.74509804,
            0.72857143,
            0.67647059,
            0.68656716,
            0.6875
        ],
        "min_acc_te": 0.66666667,
        "avg_acc_te": 0.8060008220304151,
        "group_wise_acc_te": [
            0.85915493,
            0.86783042,
            0.7195572,
            0.9167842,
            0.80748663,
            0.82283465,
            0.67137809,
            0.73421053,
            0.73717949,
            0.71345029,
            0.71666667,
            0.73831776,
            0.6969697,
            0.66666667,
            0.77707006,
            0.75595238
        ],
        "l1_loss": 0.001583030098117888
    }
}